ayah_number,similarity,confidence,word_count,char_count,duration_sec,start_time,end_time,words_per_sec,text
196,0.271,low,73,633,66.8,4508.82,4575.62,1.09,وَأَتِمُّواْ ٱلۡحَجَّ وَٱلۡعُمۡرَةَ لِلَّهِۚ فَإِنۡ أُحۡصِرۡتُمۡ فَمَا ٱسۡتَيۡسَرَ مِنَ ٱلۡهَدۡيِۖ وَلَا تَحۡلِقُواْ رُءُوسَكُمۡ حَتَّىٰ يَبۡلُغَ ٱلۡهَدۡيُ مَحِلَّهُۥۚ فَمَن كَانَ مِنكُم مَّرِيضًا أَوۡ بِهِۦٓ أَذٗى مِّن رَّأۡسِهِۦ فَفِدۡيَةٞ مِّن صِيَامٍ أَوۡ صَدَقَةٍ أَوۡ نُسُكٖۚ فَإِذَآ أَمِنتُمۡ فَمَن تَمَتَّعَ بِٱلۡعُمۡرَةِ إِلَى ٱلۡحَجِّ فَمَا ٱسۡتَيۡسَرَ مِنَ ٱلۡهَدۡيِۚ فَمَن لَّمۡ يَجِدۡ فَصِيَامُ ثَلَٰثَةِ أَيَّامٖ فِي ٱلۡحَجِّ وَسَبۡعَةٍ إِذَا رَجَعۡتُمۡۗ تِلۡكَ عَشَرَةٞ كَامِلَةٞۗ ذَٰلِكَ لِمَن لَّمۡ يَكُنۡ أَهۡلُهُۥ حَاضِرِي ٱلۡمَسۡجِدِ ٱلۡحَرَامِۚ وَٱتَّقُواْ ٱللَّهَ وَٱعۡلَمُوٓاْ أَنَّ ٱللَّهَ شَدِيدُ ٱلۡعِقَابِ
282,0.316,low,128,1188,83.79,7247.15,7330.94,1.53,يَٰٓأَيُّهَا ٱلَّذِينَ ءَامَنُوٓاْ إِذَا تَدَايَنتُم بِدَيۡنٍ إِلَىٰٓ أَجَلٖ مُّسَمّٗى فَٱكۡتُبُوهُۚ وَلۡيَكۡتُب بَّيۡنَكُمۡ كَاتِبُۢ بِٱلۡعَدۡلِۚ وَلَا يَأۡبَ كَاتِبٌ أَن يَكۡتُبَ كَمَا عَلَّمَهُ ٱللَّهُۚ فَلۡيَكۡتُبۡ وَلۡيُمۡلِلِ ٱلَّذِي عَلَيۡهِ ٱلۡحَقُّ وَلۡيَتَّقِ ٱللَّهَ رَبَّهُۥ وَلَا يَبۡخَسۡ مِنۡهُ شَيۡـٔٗاۚ فَإِن كَانَ ٱلَّذِي عَلَيۡهِ ٱلۡحَقُّ سَفِيهًا أَوۡ ضَعِيفًا أَوۡ لَا يَسۡتَطِيعُ أَن يُمِلَّ هُوَ فَلۡيُمۡلِلۡ وَلِيُّهُۥ بِٱلۡعَدۡلِۚ وَٱسۡتَشۡهِدُواْ شَهِيدَيۡنِ مِن رِّجَالِكُمۡۖ فَإِن لَّمۡ يَكُونَا رَجُلَيۡنِ فَرَجُلٞ وَٱمۡرَأَتَانِ مِمَّن تَرۡضَوۡنَ مِنَ ٱلشُّهَدَآءِ أَن تَضِلَّ إِحۡدَىٰهُمَا فَتُذَكِّرَ إِحۡدَىٰهُمَا ٱلۡأُخۡرَىٰۚ وَلَا يَأۡبَ ٱلشُّهَدَآءُ إِذَا مَا دُعُواْۚ وَلَا تَسۡـَٔمُوٓاْ أَن تَكۡتُبُوهُ صَغِيرًا أَوۡ كَبِيرًا إِلَىٰٓ أَجَلِهِۦۚ ذَٰلِكُمۡ أَقۡسَطُ عِندَ ٱللَّهِ وَأَقۡوَمُ لِلشَّهَٰدَةِ وَأَدۡنَىٰٓ أَلَّا تَرۡتَابُوٓاْ إِلَّآ أَن تَكُونَ تِجَٰرَةً حَاضِرَةٗ تُدِيرُونَهَا بَيۡنَكُمۡ فَلَيۡسَ عَلَيۡكُمۡ جُنَاحٌ أَلَّا تَكۡتُبُوهَاۗ وَأَشۡهِدُوٓاْ إِذَا تَبَايَعۡتُمۡۚ وَلَا يُضَآرَّ كَاتِبٞ وَلَا شَهِيدٞۚ وَإِن تَفۡعَلُواْ فَإِنَّهُۥ فُسُوقُۢ بِكُمۡۗ وَٱتَّقُواْ ٱللَّهَۖ وَيُعَلِّمُكُمُ ٱللَّهُۗ وَٱللَّهُ بِكُلِّ شَيۡءٍ عَلِيمٞ
264,0.322,low,38,364,48.15,6681.43,6729.58,0.79,يَٰٓأَيُّهَا ٱلَّذِينَ ءَامَنُواْ لَا تُبۡطِلُواْ صَدَقَٰتِكُم بِٱلۡمَنِّ وَٱلۡأَذَىٰ كَٱلَّذِي يُنفِقُ مَالَهُۥ رِئَآءَ ٱلنَّاسِ وَلَا يُؤۡمِنُ بِٱللَّهِ وَٱلۡيَوۡمِ ٱلۡأٓخِرِۖ فَمَثَلُهُۥ كَمَثَلِ صَفۡوَانٍ عَلَيۡهِ تُرَابٞ فَأَصَابَهُۥ وَابِلٞ فَتَرَكَهُۥ صَلۡدٗاۖ لَّا يَقۡدِرُونَ عَلَىٰ شَيۡءٖ مِّمَّا كَسَبُواْۗ وَٱللَّهُ لَا يَهۡدِي ٱلۡقَوۡمَ ٱلۡكَٰفِرِينَ
281,0.343,low,15,118,69.89,7176.64,7246.53,0.21,وَٱتَّقُواْ يَوۡمٗا تُرۡجَعُونَ فِيهِ إِلَى ٱللَّهِۖ ثُمَّ تُوَفَّىٰ كُلُّ نَفۡسٖ مَّا كَسَبَتۡ وَهُمۡ لَا يُظۡلَمُونَ
229,0.366,low,46,410,52.04,5402.69,5454.73,0.88,ٱلطَّلَٰقُ مَرَّتَانِۖ فَإِمۡسَاكُۢ بِمَعۡرُوفٍ أَوۡ تَسۡرِيحُۢ بِإِحۡسَٰنٖۗ وَلَا يَحِلُّ لَكُمۡ أَن تَأۡخُذُواْ مِمَّآ ءَاتَيۡتُمُوهُنَّ شَيۡـًٔا إِلَّآ أَن يَخَافَآ أَلَّا يُقِيمَا حُدُودَ ٱللَّهِۖ فَإِنۡ خِفۡتُمۡ أَلَّا يُقِيمَا حُدُودَ ٱللَّهِ فَلَا جُنَاحَ عَلَيۡهِمَا فِيمَا ٱفۡتَدَتۡ بِهِۦۗ تِلۡكَ حُدُودُ ٱللَّهِ فَلَا تَعۡتَدُوهَاۚ وَمَن يَتَعَدَّ حُدُودَ ٱللَّهِ فَأُوْلَٰٓئِكَ هُمُ ٱلظَّٰلِمُونَ
177,0.503,low,52,551,89.64,3950.39,4040.03,0.58,۞ لَّيۡسَ ٱلۡبِرَّ أَن تُوَلُّواْ وُجُوهَكُمۡ قِبَلَ ٱلۡمَشۡرِقِ وَٱلۡمَغۡرِبِ وَلَٰكِنَّ ٱلۡبِرَّ مَنۡ ءَامَنَ بِٱللَّهِ وَٱلۡيَوۡمِ ٱلۡأٓخِرِ وَٱلۡمَلَٰٓئِكَةِ وَٱلۡكِتَٰبِ وَٱلنَّبِيِّـۧنَ وَءَاتَى ٱلۡمَالَ عَلَىٰ حُبِّهِۦ ذَوِي ٱلۡقُرۡبَىٰ وَٱلۡيَتَٰمَىٰ وَٱلۡمَسَٰكِينَ وَٱبۡنَ ٱلسَّبِيلِ وَٱلسَّآئِلِينَ وَفِي ٱلرِّقَابِ وَأَقَامَ ٱلصَّلَوٰةَ وَءَاتَى ٱلزَّكَوٰةَ وَٱلۡمُوفُونَ بِعَهۡدِهِمۡ إِذَا عَٰهَدُواْۖ وَٱلصَّٰبِرِينَ فِي ٱلۡبَأۡسَآءِ وَٱلضَّرَّآءِ وَحِينَ ٱلۡبَأۡسِۗ أُوْلَٰٓئِكَ ٱلَّذِينَ صَدَقُواْۖ وَأُوْلَٰٓئِكَ هُمُ ٱلۡمُتَّقُونَ
286,0.537,low,49,410,20.97,7461.41,7482.38,2.34,لَا يُكَلِّفُ ٱللَّهُ نَفۡسًا إِلَّا وُسۡعَهَاۚ لَهَا مَا كَسَبَتۡ وَعَلَيۡهَا مَا ٱكۡتَسَبَتۡۗ رَبَّنَا لَا تُؤَاخِذۡنَآ إِن نَّسِينَآ أَوۡ أَخۡطَأۡنَاۚ رَبَّنَا وَلَا تَحۡمِلۡ عَلَيۡنَآ إِصۡرٗا كَمَا حَمَلۡتَهُۥ عَلَى ٱلَّذِينَ مِن قَبۡلِنَاۚ رَبَّنَا وَلَا تُحَمِّلۡنَا مَا لَا طَاقَةَ لَنَا بِهِۦۖ وَٱعۡفُ عَنَّا وَٱغۡفِرۡ لَنَا وَٱرۡحَمۡنَآۚ أَنتَ مَوۡلَىٰنَا فَٱنصُرۡنَا عَلَى ٱلۡقَوۡمِ ٱلۡكَٰفِرِينَ
216,0.553,low,25,210,41.93,5007.98,5049.91,0.6,كُتِبَ عَلَيۡكُمُ ٱلۡقِتَالُ وَهُوَ كُرۡهٞ لَّكُمۡۖ وَعَسَىٰٓ أَن تَكۡرَهُواْ شَيۡـٔٗا وَهُوَ خَيۡرٞ لَّكُمۡۖ وَعَسَىٰٓ أَن تُحِبُّواْ شَيۡـٔٗا وَهُوَ شَرّٞ لَّكُمۡۚ وَٱللَّهُ يَعۡلَمُ وَأَنتُمۡ لَا تَعۡلَمُونَ
119,0.575,low,10,95,30.07,2594.82,2624.89,0.33,إِنَّآ أَرۡسَلۡنَٰكَ بِٱلۡحَقِّ بَشِيرٗا وَنَذِيرٗاۖ وَلَا تُسۡـَٔلُ عَنۡ أَصۡحَٰبِ ٱلۡجَحِيمِ
254,0.589,low,21,181,28.78,6325.08,6353.86,0.73,يَٰٓأَيُّهَا ٱلَّذِينَ ءَامَنُوٓاْ أَنفِقُواْ مِمَّا رَزَقۡنَٰكُم مِّن قَبۡلِ أَن يَأۡتِيَ يَوۡمٞ لَّا بَيۡعٞ فِيهِ وَلَا خُلَّةٞ وَلَا شَفَٰعَةٞۗ وَٱلۡكَٰفِرُونَ هُمُ ٱلظَّٰلِمُونَ
185,0.593,low,44,396,24.39,4210.42,4234.81,1.8,شَهۡرُ رَمَضَانَ ٱلَّذِيٓ أُنزِلَ فِيهِ ٱلۡقُرۡءَانُ هُدٗى لِّلنَّاسِ وَبَيِّنَٰتٖ مِّنَ ٱلۡهُدَىٰ وَٱلۡفُرۡقَانِۚ فَمَن شَهِدَ مِنكُمُ ٱلشَّهۡرَ فَلۡيَصُمۡهُۖ وَمَن كَانَ مَرِيضًا أَوۡ عَلَىٰ سَفَرٖ فَعِدَّةٞ مِّنۡ أَيَّامٍ أُخَرَۗ يُرِيدُ ٱللَّهُ بِكُمُ ٱلۡيُسۡرَ وَلَا يُرِيدُ بِكُمُ ٱلۡعُسۡرَ وَلِتُكۡمِلُواْ ٱلۡعِدَّةَ وَلِتُكَبِّرُواْ ٱللَّهَ عَلَىٰ مَا هَدَىٰكُمۡ وَلَعَلَّكُمۡ تَشۡكُرُونَ
186,0.61,low,17,158,50.4,4235.59,4285.99,0.34,وَإِذَا سَأَلَكَ عِبَادِي عَنِّي فَإِنِّي قَرِيبٌۖ أُجِيبُ دَعۡوَةَ ٱلدَّاعِ إِذَا دَعَانِۖ فَلۡيَسۡتَجِيبُواْ لِي وَلۡيُؤۡمِنُواْ بِي لَعَلَّهُمۡ يَرۡشُدُونَ
233,0.624,low,65,615,54.87,5616.41,5671.28,1.18,۞ وَٱلۡوَٰلِدَٰتُ يُرۡضِعۡنَ أَوۡلَٰدَهُنَّ حَوۡلَيۡنِ كَامِلَيۡنِۖ لِمَنۡ أَرَادَ أَن يُتِمَّ ٱلرَّضَاعَةَۚ وَعَلَى ٱلۡمَوۡلُودِ لَهُۥ رِزۡقُهُنَّ وَكِسۡوَتُهُنَّ بِٱلۡمَعۡرُوفِۚ لَا تُكَلَّفُ نَفۡسٌ إِلَّا وُسۡعَهَاۚ لَا تُضَآرَّ وَٰلِدَةُۢ بِوَلَدِهَا وَلَا مَوۡلُودٞ لَّهُۥ بِوَلَدِهِۦۚ وَعَلَى ٱلۡوَارِثِ مِثۡلُ ذَٰلِكَۗ فَإِنۡ أَرَادَا فِصَالًا عَن تَرَاضٖ مِّنۡهُمَا وَتَشَاوُرٖ فَلَا جُنَاحَ عَلَيۡهِمَاۗ وَإِنۡ أَرَدتُّمۡ أَن تَسۡتَرۡضِعُوٓاْ أَوۡلَٰدَكُمۡ فَلَا جُنَاحَ عَلَيۡكُمۡ إِذَا سَلَّمۡتُم مَّآ ءَاتَيۡتُم بِٱلۡمَعۡرُوفِۗ وَٱتَّقُواْ ٱللَّهَ وَٱعۡلَمُوٓاْ أَنَّ ٱللَّهَ بِمَا تَعۡمَلُونَ بَصِيرٞ
258,0.635,low,43,359,57.69,6449.14,6506.83,0.75,أَلَمۡ تَرَ إِلَى ٱلَّذِي حَآجَّ إِبۡرَٰهِـۧمَ فِي رَبِّهِۦٓ أَنۡ ءَاتَىٰهُ ٱللَّهُ ٱلۡمُلۡكَ إِذۡ قَالَ إِبۡرَٰهِـۧمُ رَبِّيَ ٱلَّذِي يُحۡيِۦ وَيُمِيتُ قَالَ أَنَا۠ أُحۡيِۦ وَأُمِيتُۖ قَالَ إِبۡرَٰهِـۧمُ فَإِنَّ ٱللَّهَ يَأۡتِي بِٱلشَّمۡسِ مِنَ ٱلۡمَشۡرِقِ فَأۡتِ بِهَا مِنَ ٱلۡمَغۡرِبِ فَبُهِتَ ٱلَّذِي كَفَرَۗ وَٱللَّهُ لَا يَهۡدِي ٱلۡقَوۡمَ ٱلظَّٰلِمِينَ
217,0.656,low,57,521,42.83,5050.56,5093.39,1.33,يَسۡـَٔلُونَكَ عَنِ ٱلشَّهۡرِ ٱلۡحَرَامِ قِتَالٖ فِيهِۖ قُلۡ قِتَالٞ فِيهِ كَبِيرٞۚ وَصَدٌّ عَن سَبِيلِ ٱللَّهِ وَكُفۡرُۢ بِهِۦ وَٱلۡمَسۡجِدِ ٱلۡحَرَامِ وَإِخۡرَاجُ أَهۡلِهِۦ مِنۡهُ أَكۡبَرُ عِندَ ٱللَّهِۚ وَٱلۡفِتۡنَةُ أَكۡبَرُ مِنَ ٱلۡقَتۡلِۗ وَلَا يَزَالُونَ يُقَٰتِلُونَكُمۡ حَتَّىٰ يَرُدُّوكُمۡ عَن دِينِكُمۡ إِنِ ٱسۡتَطَٰعُواْۚ وَمَن يَرۡتَدِدۡ مِنكُمۡ عَن دِينِهِۦ فَيَمُتۡ وَهُوَ كَافِرٞ فَأُوْلَٰٓئِكَ حَبِطَتۡ أَعۡمَٰلُهُمۡ فِي ٱلدُّنۡيَا وَٱلۡأٓخِرَةِۖ وَأُوْلَٰٓئِكَ أَصۡحَٰبُ ٱلنَّارِۖ هُمۡ فِيهَا خَٰلِدُونَ
61,0.657,low,59,549,70.75,1156.41,1227.16,0.83,وَإِذۡ قُلۡتُمۡ يَٰمُوسَىٰ لَن نَّصۡبِرَ عَلَىٰ طَعَامٖ وَٰحِدٖ فَٱدۡعُ لَنَا رَبَّكَ يُخۡرِجۡ لَنَا مِمَّا تُنۢبِتُ ٱلۡأَرۡضُ مِنۢ بَقۡلِهَا وَقِثَّآئِهَا وَفُومِهَا وَعَدَسِهَا وَبَصَلِهَاۖ قَالَ أَتَسۡتَبۡدِلُونَ ٱلَّذِي هُوَ أَدۡنَىٰ بِٱلَّذِي هُوَ خَيۡرٌۚ ٱهۡبِطُواْ مِصۡرٗا فَإِنَّ لَكُم مَّا سَأَلۡتُمۡۗ وَضُرِبَتۡ عَلَيۡهِمُ ٱلذِّلَّةُ وَٱلۡمَسۡكَنَةُ وَبَآءُو بِغَضَبٖ مِّنَ ٱللَّهِۚ ذَٰلِكَ بِأَنَّهُمۡ كَانُواْ يَكۡفُرُونَ بِـَٔايَٰتِ ٱللَّهِ وَيَقۡتُلُونَ ٱلنَّبِيِّـۧنَ بِغَيۡرِ ٱلۡحَقِّۚ ذَٰلِكَ بِمَا عَصَواْ وَّكَانُواْ يَعۡتَدُونَ
187,0.664,low,65,611,46.22,4286.76,4332.98,1.41,أُحِلَّ لَكُمۡ لَيۡلَةَ ٱلصِّيَامِ ٱلرَّفَثُ إِلَىٰ نِسَآئِكُمۡۚ هُنَّ لِبَاسٞ لَّكُمۡ وَأَنتُمۡ لِبَاسٞ لَّهُنَّۗ عَلِمَ ٱللَّهُ أَنَّكُمۡ كُنتُمۡ تَخۡتَانُونَ أَنفُسَكُمۡ فَتَابَ عَلَيۡكُمۡ وَعَفَا عَنكُمۡۖ فَٱلۡـَٰٔنَ بَٰشِرُوهُنَّ وَٱبۡتَغُواْ مَا كَتَبَ ٱللَّهُ لَكُمۡۚ وَكُلُواْ وَٱشۡرَبُواْ حَتَّىٰ يَتَبَيَّنَ لَكُمُ ٱلۡخَيۡطُ ٱلۡأَبۡيَضُ مِنَ ٱلۡخَيۡطِ ٱلۡأَسۡوَدِ مِنَ ٱلۡفَجۡرِۖ ثُمَّ أَتِمُّواْ ٱلصِّيَامَ إِلَى ٱلَّيۡلِۚ وَلَا تُبَٰشِرُوهُنَّ وَأَنتُمۡ عَٰكِفُونَ فِي ٱلۡمَسَٰجِدِۗ تِلۡكَ حُدُودُ ٱللَّهِ فَلَا تَقۡرَبُوهَاۗ كَذَٰلِكَ يُبَيِّنُ ٱللَّهُ ءَايَٰتِهِۦ لِلنَّاسِ لَعَلَّهُمۡ يَتَّقُونَ
248,0.668,low,30,257,60.79,6071.02,6131.81,0.49,وَقَالَ لَهُمۡ نَبِيُّهُمۡ إِنَّ ءَايَةَ مُلۡكِهِۦٓ أَن يَأۡتِيَكُمُ ٱلتَّابُوتُ فِيهِ سَكِينَةٞ مِّن رَّبِّكُمۡ وَبَقِيَّةٞ مِّمَّا تَرَكَ ءَالُ مُوسَىٰ وَءَالُ هَٰرُونَ تَحۡمِلُهُ ٱلۡمَلَٰٓئِكَةُۚ إِنَّ فِي ذَٰلِكَ لَأٓيَةٗ لَّكُمۡ إِن كُنتُم مُّؤۡمِنِينَ
102,0.686,low,74,662,56.21,2188.43,2244.64,1.32,وَٱتَّبَعُواْ مَا تَتۡلُواْ ٱلشَّيَٰطِينُ عَلَىٰ مُلۡكِ سُلَيۡمَٰنَۖ وَمَا كَفَرَ سُلَيۡمَٰنُ وَلَٰكِنَّ ٱلشَّيَٰطِينَ كَفَرُواْ يُعَلِّمُونَ ٱلنَّاسَ ٱلسِّحۡرَ وَمَآ أُنزِلَ عَلَى ٱلۡمَلَكَيۡنِ بِبَابِلَ هَٰرُوتَ وَمَٰرُوتَۚ وَمَا يُعَلِّمَانِ مِنۡ أَحَدٍ حَتَّىٰ يَقُولَآ إِنَّمَا نَحۡنُ فِتۡنَةٞ فَلَا تَكۡفُرۡۖ فَيَتَعَلَّمُونَ مِنۡهُمَا مَا يُفَرِّقُونَ بِهِۦ بَيۡنَ ٱلۡمَرۡءِ وَزَوۡجِهِۦۚ وَمَا هُم بِضَآرِّينَ بِهِۦ مِنۡ أَحَدٍ إِلَّا بِإِذۡنِ ٱللَّهِۚ وَيَتَعَلَّمُونَ مَا يَضُرُّهُمۡ وَلَا يَنفَعُهُمۡۚ وَلَقَدۡ عَلِمُواْ لَمَنِ ٱشۡتَرَىٰهُ مَا لَهُۥ فِي ٱلۡأٓخِرَةِ مِنۡ خَلَٰقٖۚ وَلَبِئۡسَ مَا شَرَوۡاْ بِهِۦٓ أَنفُسَهُمۡۚ لَوۡ كَانُواْ يَعۡلَمُونَ
143,0.689,low,45,407,51.23,3161.62,3212.85,0.88,وَكَذَٰلِكَ جَعَلۡنَٰكُمۡ أُمَّةٗ وَسَطٗا لِّتَكُونُواْ شُهَدَآءَ عَلَى ٱلنَّاسِ وَيَكُونَ ٱلرَّسُولُ عَلَيۡكُمۡ شَهِيدٗاۗ وَمَا جَعَلۡنَا ٱلۡقِبۡلَةَ ٱلَّتِي كُنتَ عَلَيۡهَآ إِلَّا لِنَعۡلَمَ مَن يَتَّبِعُ ٱلرَّسُولَ مِمَّن يَنقَلِبُ عَلَىٰ عَقِبَيۡهِۚ وَإِن كَانَتۡ لَكَبِيرَةً إِلَّا عَلَى ٱلَّذِينَ هَدَى ٱللَّهُۗ وَمَا كَانَ ٱللَّهُ لِيُضِيعَ إِيمَٰنَكُمۡۚ إِنَّ ٱللَّهَ بِٱلنَّاسِ لَرَءُوفٞ رَّحِيمٞ
283,0.694,low,33,301,58.58,7331.47,7390.05,0.56,۞ وَإِن كُنتُمۡ عَلَىٰ سَفَرٖ وَلَمۡ تَجِدُواْ كَاتِبٗا فَرِهَٰنٞ مَّقۡبُوضَةٞۖ فَإِنۡ أَمِنَ بَعۡضُكُم بَعۡضٗا فَلۡيُؤَدِّ ٱلَّذِي ٱؤۡتُمِنَ أَمَٰنَتَهُۥ وَلۡيَتَّقِ ٱللَّهَ رَبَّهُۥۗ وَلَا تَكۡتُمُواْ ٱلشَّهَٰدَةَۚ وَمَن يَكۡتُمۡهَا فَإِنَّهُۥٓ ءَاثِمٞ قَلۡبُهُۥۗ وَٱللَّهُ بِمَا تَعۡمَلُونَ عَلِيمٞ
108,0.698,low,18,152,33.09,2340.36,2373.45,0.54,أَمۡ تُرِيدُونَ أَن تَسۡـَٔلُواْ رَسُولَكُمۡ كَمَا سُئِلَ مُوسَىٰ مِن قَبۡلُۗ وَمَن يَتَبَدَّلِ ٱلۡكُفۡرَ بِٱلۡإِيمَٰنِ فَقَدۡ ضَلَّ سَوَآءَ ٱلسَّبِيلِ
164,0.709,low,43,383,84.28,3597.36,3681.64,0.51,إِنَّ فِي خَلۡقِ ٱلسَّمَٰوَٰتِ وَٱلۡأَرۡضِ وَٱخۡتِلَٰفِ ٱلَّيۡلِ وَٱلنَّهَارِ وَٱلۡفُلۡكِ ٱلَّتِي تَجۡرِي فِي ٱلۡبَحۡرِ بِمَا يَنفَعُ ٱلنَّاسَ وَمَآ أَنزَلَ ٱللَّهُ مِنَ ٱلسَّمَآءِ مِن مَّآءٖ فَأَحۡيَا بِهِ ٱلۡأَرۡضَ بَعۡدَ مَوۡتِهَا وَبَثَّ فِيهَا مِن كُلِّ دَآبَّةٖ وَتَصۡرِيفِ ٱلرِّيَٰحِ وَٱلسَّحَابِ ٱلۡمُسَخَّرِ بَيۡنَ ٱلسَّمَآءِ وَٱلۡأَرۡضِ لَأٓيَٰتٖ لِّقَوۡمٖ يَعۡقِلُونَ
144,0.715,low,34,319,34.94,3213.4,3248.34,0.97,قَدۡ نَرَىٰ تَقَلُّبَ وَجۡهِكَ فِي ٱلسَّمَآءِۖ فَلَنُوَلِّيَنَّكَ قِبۡلَةٗ تَرۡضَىٰهَاۚ فَوَلِّ وَجۡهَكَ شَطۡرَ ٱلۡمَسۡجِدِ ٱلۡحَرَامِۚ وَحَيۡثُ مَا كُنتُمۡ فَوَلُّواْ وُجُوهَكُمۡ شَطۡرَهُۥۗ وَإِنَّ ٱلَّذِينَ أُوتُواْ ٱلۡكِتَٰبَ لَيَعۡلَمُونَ أَنَّهُ ٱلۡحَقُّ مِن رَّبِّهِمۡۗ وَمَا ٱللَّهُ بِغَٰفِلٍ عَمَّا يَعۡمَلُونَ
184,0.72,low,32,267,51.96,4157.71,4209.67,0.62,أَيَّامٗا مَّعۡدُودَٰتٖۚ فَمَن كَانَ مِنكُم مَّرِيضًا أَوۡ عَلَىٰ سَفَرٖ فَعِدَّةٞ مِّنۡ أَيَّامٍ أُخَرَۚ وَعَلَى ٱلَّذِينَ يُطِيقُونَهُۥ فِدۡيَةٞ طَعَامُ مِسۡكِينٖۖ فَمَن تَطَوَّعَ خَيۡرٗا فَهُوَ خَيۡرٞ لَّهُۥۚ وَأَن تَصُومُواْ خَيۡرٞ لَّكُمۡ إِن كُنتُمۡ تَعۡلَمُونَ
236,0.726,low,25,237,50.68,5764.97,5815.65,0.49,لَّا جُنَاحَ عَلَيۡكُمۡ إِن طَلَّقۡتُمُ ٱلنِّسَآءَ مَا لَمۡ تَمَسُّوهُنَّ أَوۡ تَفۡرِضُواْ لَهُنَّ فَرِيضَةٗۚ وَمَتِّعُوهُنَّ عَلَى ٱلۡمُوسِعِ قَدَرُهُۥ وَعَلَى ٱلۡمُقۡتِرِ قَدَرُهُۥ مَتَٰعَۢا بِٱلۡمَعۡرُوفِۖ حَقًّا عَلَى ٱلۡمُحۡسِنِينَ
255,0.732,low,50,416,38.87,6354.37,6393.24,1.29,ٱللَّهُ لَآ إِلَٰهَ إِلَّا هُوَ ٱلۡحَيُّ ٱلۡقَيُّومُۚ لَا تَأۡخُذُهُۥ سِنَةٞ وَلَا نَوۡمٞۚ لَّهُۥ مَا فِي ٱلسَّمَٰوَٰتِ وَمَا فِي ٱلۡأَرۡضِۗ مَن ذَا ٱلَّذِي يَشۡفَعُ عِندَهُۥٓ إِلَّا بِإِذۡنِهِۦۚ يَعۡلَمُ مَا بَيۡنَ أَيۡدِيهِمۡ وَمَا خَلۡفَهُمۡۖ وَلَا يُحِيطُونَ بِشَيۡءٖ مِّنۡ عِلۡمِهِۦٓ إِلَّا بِمَا شَآءَۚ وَسِعَ كُرۡسِيُّهُ ٱلسَّمَٰوَٰتِ وَٱلۡأَرۡضَۖ وَلَا يَـُٔودُهُۥ حِفۡظُهُمَاۚ وَهُوَ ٱلۡعَلِيُّ ٱلۡعَظِيمُ
259,0.74,low,67,547,52.66,6507.61,6560.27,1.27,أَوۡ كَٱلَّذِي مَرَّ عَلَىٰ قَرۡيَةٖ وَهِيَ خَاوِيَةٌ عَلَىٰ عُرُوشِهَا قَالَ أَنَّىٰ يُحۡيِۦ هَٰذِهِ ٱللَّهُ بَعۡدَ مَوۡتِهَاۖ فَأَمَاتَهُ ٱللَّهُ مِاْئَةَ عَامٖ ثُمَّ بَعَثَهُۥۖ قَالَ كَمۡ لَبِثۡتَۖ قَالَ لَبِثۡتُ يَوۡمًا أَوۡ بَعۡضَ يَوۡمٖۖ قَالَ بَل لَّبِثۡتَ مِاْئَةَ عَامٖ فَٱنظُرۡ إِلَىٰ طَعَامِكَ وَشَرَابِكَ لَمۡ يَتَسَنَّهۡۖ وَٱنظُرۡ إِلَىٰ حِمَارِكَ وَلِنَجۡعَلَكَ ءَايَةٗ لِّلنَّاسِۖ وَٱنظُرۡ إِلَى ٱلۡعِظَامِ كَيۡفَ نُنشِزُهَا ثُمَّ نَكۡسُوهَا لَحۡمٗاۚ فَلَمَّا تَبَيَّنَ لَهُۥ قَالَ أَعۡلَمُ أَنَّ ٱللَّهَ عَلَىٰ كُلِّ شَيۡءٖ قَدِيرٞ
190,0.742,low,13,120,23.03,4389.7,4412.73,0.56,وَقَٰتِلُواْ فِي سَبِيلِ ٱللَّهِ ٱلَّذِينَ يُقَٰتِلُونَكُمۡ وَلَا تَعۡتَدُوٓاْۚ إِنَّ ٱللَّهَ لَا يُحِبُّ ٱلۡمُعۡتَدِينَ
142,0.746,low,22,189,34.87,3126.1,3160.97,0.63,۞ سَيَقُولُ ٱلسُّفَهَآءُ مِنَ ٱلنَّاسِ مَا وَلَّىٰهُمۡ عَن قِبۡلَتِهِمُ ٱلَّتِي كَانُواْ عَلَيۡهَاۚ قُل لِّلَّهِ ٱلۡمَشۡرِقُ وَٱلۡمَغۡرِبُۚ يَهۡدِي مَن يَشَآءُ إِلَىٰ صِرَٰطٖ مُّسۡتَقِيمٖ
195,0.749,low,14,135,25.28,4482.74,4508.02,0.55,وَأَنفِقُواْ فِي سَبِيلِ ٱللَّهِ وَلَا تُلۡقُواْ بِأَيۡدِيكُمۡ إِلَى ٱلتَّهۡلُكَةِ وَأَحۡسِنُوٓاْۚ إِنَّ ٱللَّهَ يُحِبُّ ٱلۡمُحۡسِنِينَ
221,0.751,low,39,404,46.7,5181.4,5228.1,0.84,وَلَا تَنكِحُواْ ٱلۡمُشۡرِكَٰتِ حَتَّىٰ يُؤۡمِنَّۚ وَلَأَمَةٞ مُّؤۡمِنَةٌ خَيۡرٞ مِّن مُّشۡرِكَةٖ وَلَوۡ أَعۡجَبَتۡكُمۡۗ وَلَا تُنكِحُواْ ٱلۡمُشۡرِكِينَ حَتَّىٰ يُؤۡمِنُواْۚ وَلَعَبۡدٞ مُّؤۡمِنٌ خَيۡرٞ مِّن مُّشۡرِكٖ وَلَوۡ أَعۡجَبَكُمۡۗ أُوْلَٰٓئِكَ يَدۡعُونَ إِلَى ٱلنَّارِۖ وَٱللَّهُ يَدۡعُوٓاْ إِلَى ٱلۡجَنَّةِ وَٱلۡمَغۡفِرَةِ بِإِذۡنِهِۦۖ وَيُبَيِّنُ ءَايَٰتِهِۦ لِلنَّاسِ لَعَلَّهُمۡ يَتَذَكَّرُونَ
262,0.757,low,24,194,22.1,6642.07,6664.17,1.09,ٱلَّذِينَ يُنفِقُونَ أَمۡوَٰلَهُمۡ فِي سَبِيلِ ٱللَّهِ ثُمَّ لَا يُتۡبِعُونَ مَآ أَنفَقُواْ مَنّٗا وَلَآ أَذٗى لَّهُمۡ أَجۡرُهُمۡ عِندَ رَبِّهِمۡ وَلَا خَوۡفٌ عَلَيۡهِمۡ وَلَا هُمۡ يَحۡزَنُونَ
261,0.758,low,24,209,40.08,6601.33,6641.41,0.6,مَّثَلُ ٱلَّذِينَ يُنفِقُونَ أَمۡوَٰلَهُمۡ فِي سَبِيلِ ٱللَّهِ كَمَثَلِ حَبَّةٍ أَنۢبَتَتۡ سَبۡعَ سَنَابِلَ فِي كُلِّ سُنۢبُلَةٖ مِّاْئَةُ حَبَّةٖۗ وَٱللَّهُ يُضَٰعِفُ لِمَن يَشَآءُۚ وَٱللَّهُ وَٰسِعٌ عَلِيمٌ
235,0.763,low,47,427,34.73,5729.58,5764.31,1.35,وَلَا جُنَاحَ عَلَيۡكُمۡ فِيمَا عَرَّضۡتُم بِهِۦ مِنۡ خِطۡبَةِ ٱلنِّسَآءِ أَوۡ أَكۡنَنتُمۡ فِيٓ أَنفُسِكُمۡۚ عَلِمَ ٱللَّهُ أَنَّكُمۡ سَتَذۡكُرُونَهُنَّ وَلَٰكِن لَّا تُوَاعِدُوهُنَّ سِرًّا إِلَّآ أَن تَقُولُواْ قَوۡلٗا مَّعۡرُوفٗاۚ وَلَا تَعۡزِمُواْ عُقۡدَةَ ٱلنِّكَاحِ حَتَّىٰ يَبۡلُغَ ٱلۡكِتَٰبُ أَجَلَهُۥۚ وَٱعۡلَمُوٓاْ أَنَّ ٱللَّهَ يَعۡلَمُ مَا فِيٓ أَنفُسِكُمۡ فَٱحۡذَرُوهُۚ وَٱعۡلَمُوٓاْ أَنَّ ٱللَّهَ غَفُورٌ حَلِيمٞ
246,0.763,low,54,458,41.95,5984.85,6026.8,1.29,أَلَمۡ تَرَ إِلَى ٱلۡمَلَإِ مِنۢ بَنِيٓ إِسۡرَٰٓءِيلَ مِنۢ بَعۡدِ مُوسَىٰٓ إِذۡ قَالُواْ لِنَبِيّٖ لَّهُمُ ٱبۡعَثۡ لَنَا مَلِكٗا نُّقَٰتِلۡ فِي سَبِيلِ ٱللَّهِۖ قَالَ هَلۡ عَسَيۡتُمۡ إِن كُتِبَ عَلَيۡكُمُ ٱلۡقِتَالُ أَلَّا تُقَٰتِلُواْۖ قَالُواْ وَمَا لَنَآ أَلَّا نُقَٰتِلَ فِي سَبِيلِ ٱللَّهِ وَقَدۡ أُخۡرِجۡنَا مِن دِيَٰرِنَا وَأَبۡنَآئِنَاۖ فَلَمَّا كُتِبَ عَلَيۡهِمُ ٱلۡقِتَالُ تَوَلَّوۡاْ إِلَّا قَلِيلٗا مِّنۡهُمۡۚ وَٱللَّهُ عَلِيمُۢ بِٱلظَّٰلِمِينَ
245,0.77,low,16,147,28.97,5955.21,5984.18,0.55,مَّن ذَا ٱلَّذِي يُقۡرِضُ ٱللَّهَ قَرۡضًا حَسَنٗا فَيُضَٰعِفَهُۥ لَهُۥٓ أَضۡعَافٗا كَثِيرَةٗۚ وَٱللَّهُ يَقۡبِضُ وَيَبۡصُۜطُ وَإِلَيۡهِ تُرۡجَعُونَ
253,0.771,low,53,454,70.15,6254.1,6324.25,0.76,۞ تِلۡكَ ٱلرُّسُلُ فَضَّلۡنَا بَعۡضَهُمۡ عَلَىٰ بَعۡضٖۘ مِّنۡهُم مَّن كَلَّمَ ٱللَّهُۖ وَرَفَعَ بَعۡضَهُمۡ دَرَجَٰتٖۚ وَءَاتَيۡنَا عِيسَى ٱبۡنَ مَرۡيَمَ ٱلۡبَيِّنَٰتِ وَأَيَّدۡنَٰهُ بِرُوحِ ٱلۡقُدُسِۗ وَلَوۡ شَآءَ ٱللَّهُ مَا ٱقۡتَتَلَ ٱلَّذِينَ مِنۢ بَعۡدِهِم مِّنۢ بَعۡدِ مَا جَآءَتۡهُمُ ٱلۡبَيِّنَٰتُ وَلَٰكِنِ ٱخۡتَلَفُواْ فَمِنۡهُم مَّنۡ ءَامَنَ وَمِنۡهُم مَّن كَفَرَۚ وَلَوۡ شَآءَ ٱللَّهُ مَا ٱقۡتَتَلُواْ وَلَٰكِنَّ ٱللَّهَ يَفۡعَلُ مَا يُرِيدُ
178,0.776,low,37,352,32.39,4040.73,4073.12,1.14,يَٰٓأَيُّهَا ٱلَّذِينَ ءَامَنُواْ كُتِبَ عَلَيۡكُمُ ٱلۡقِصَاصُ فِي ٱلۡقَتۡلَىۖ ٱلۡحُرُّ بِٱلۡحُرِّ وَٱلۡعَبۡدُ بِٱلۡعَبۡدِ وَٱلۡأُنثَىٰ بِٱلۡأُنثَىٰۚ فَمَنۡ عُفِيَ لَهُۥ مِنۡ أَخِيهِ شَيۡءٞ فَٱتِّبَاعُۢ بِٱلۡمَعۡرُوفِ وَأَدَآءٌ إِلَيۡهِ بِإِحۡسَٰنٖۗ ذَٰلِكَ تَخۡفِيفٞ مِّن رَّبِّكُمۡ وَرَحۡمَةٞۗ فَمَنِ ٱعۡتَدَىٰ بَعۡدَ ذَٰلِكَ فَلَهُۥ عَذَابٌ أَلِيمٞ
193,0.776,low,15,132,22.29,4445.15,4467.44,0.67,وَقَٰتِلُوهُمۡ حَتَّىٰ لَا تَكُونَ فِتۡنَةٞ وَيَكُونَ ٱلدِّينُ لِلَّهِۖ فَإِنِ ٱنتَهَوۡاْ فَلَا عُدۡوَٰنَ إِلَّا عَلَى ٱلظَّٰلِمِينَ
249,0.776,low,60,520,53.49,6132.7,6186.19,1.12,فَلَمَّا فَصَلَ طَالُوتُ بِٱلۡجُنُودِ قَالَ إِنَّ ٱللَّهَ مُبۡتَلِيكُم بِنَهَرٖ فَمَن شَرِبَ مِنۡهُ فَلَيۡسَ مِنِّي وَمَن لَّمۡ يَطۡعَمۡهُ فَإِنَّهُۥ مِنِّيٓ إِلَّا مَنِ ٱغۡتَرَفَ غُرۡفَةَۢ بِيَدِهِۦۚ فَشَرِبُواْ مِنۡهُ إِلَّا قَلِيلٗا مِّنۡهُمۡۚ فَلَمَّا جَاوَزَهُۥ هُوَ وَٱلَّذِينَ ءَامَنُواْ مَعَهُۥ قَالُواْ لَا طَاقَةَ لَنَا ٱلۡيَوۡمَ بِجَالُوتَ وَجُنُودِهِۦۚ قَالَ ٱلَّذِينَ يَظُنُّونَ أَنَّهُم مُّلَٰقُواْ ٱللَّهِ كَم مِّن فِئَةٖ قَلِيلَةٍ غَلَبَتۡ فِئَةٗ كَثِيرَةَۢ بِإِذۡنِ ٱللَّهِۗ وَٱللَّهُ مَعَ ٱلصَّٰبِرِينَ
165,0.783,low,31,266,22.0,3682.59,3704.59,1.41,وَمِنَ ٱلنَّاسِ مَن يَتَّخِذُ مِن دُونِ ٱللَّهِ أَندَادٗا يُحِبُّونَهُمۡ كَحُبِّ ٱللَّهِۖ وَٱلَّذِينَ ءَامَنُوٓاْ أَشَدُّ حُبّٗا لِّلَّهِۗ وَلَوۡ يَرَى ٱلَّذِينَ ظَلَمُوٓاْ إِذۡ يَرَوۡنَ ٱلۡعَذَابَ أَنَّ ٱلۡقُوَّةَ لِلَّهِ جَمِيعٗا وَأَنَّ ٱللَّهَ شَدِيدُ ٱلۡعَذَابِ
145,0.785,low,32,281,25.11,3248.99,3274.1,1.27,وَلَئِنۡ أَتَيۡتَ ٱلَّذِينَ أُوتُواْ ٱلۡكِتَٰبَ بِكُلِّ ءَايَةٖ مَّا تَبِعُواْ قِبۡلَتَكَۚ وَمَآ أَنتَ بِتَابِعٖ قِبۡلَتَهُمۡۚ وَمَا بَعۡضُهُم بِتَابِعٖ قِبۡلَةَ بَعۡضٖۚ وَلَئِنِ ٱتَّبَعۡتَ أَهۡوَآءَهُم مِّنۢ بَعۡدِ مَا جَآءَكَ مِنَ ٱلۡعِلۡمِ إِنَّكَ إِذٗا لَّمِنَ ٱلظَّٰلِمِينَ
109,0.792,low,33,272,21.94,2374.22,2396.16,1.5,وَدَّ كَثِيرٞ مِّنۡ أَهۡلِ ٱلۡكِتَٰبِ لَوۡ يَرُدُّونَكُم مِّنۢ بَعۡدِ إِيمَٰنِكُمۡ كُفَّارًا حَسَدٗا مِّنۡ عِندِ أَنفُسِهِم مِّنۢ بَعۡدِ مَا تَبَيَّنَ لَهُمُ ٱلۡحَقُّۖ فَٱعۡفُواْ وَٱصۡفَحُواْ حَتَّىٰ يَأۡتِيَ ٱللَّهُ بِأَمۡرِهِۦٓۗ إِنَّ ٱللَّهَ عَلَىٰ كُلِّ شَيۡءٖ قَدِيرٞ
136,0.797,low,31,287,51.59,2969.34,3020.93,0.6,قُولُوٓاْ ءَامَنَّا بِٱللَّهِ وَمَآ أُنزِلَ إِلَيۡنَا وَمَآ أُنزِلَ إِلَىٰٓ إِبۡرَٰهِـۧمَ وَإِسۡمَٰعِيلَ وَإِسۡحَٰقَ وَيَعۡقُوبَ وَٱلۡأَسۡبَاطِ وَمَآ أُوتِيَ مُوسَىٰ وَعِيسَىٰ وَمَآ أُوتِيَ ٱلنَّبِيُّونَ مِن رَّبِّهِمۡ لَا نُفَرِّقُ بَيۡنَ أَحَدٖ مِّنۡهُمۡ وَنَحۡنُ لَهُۥ مُسۡلِمُونَ
237,0.801,low,35,307,27.97,5816.61,5844.58,1.25,وَإِن طَلَّقۡتُمُوهُنَّ مِن قَبۡلِ أَن تَمَسُّوهُنَّ وَقَدۡ فَرَضۡتُمۡ لَهُنَّ فَرِيضَةٗ فَنِصۡفُ مَا فَرَضۡتُمۡ إِلَّآ أَن يَعۡفُونَ أَوۡ يَعۡفُوَاْ ٱلَّذِي بِيَدِهِۦ عُقۡدَةُ ٱلنِّكَاحِۚ وَأَن تَعۡفُوٓاْ أَقۡرَبُ لِلتَّقۡوَىٰۚ وَلَا تَنسَوُاْ ٱلۡفَضۡلَ بَيۡنَكُمۡۚ إِنَّ ٱللَّهَ بِمَا تَعۡمَلُونَ بَصِيرٌ
120,0.805,low,31,243,20.29,2625.48,2645.77,1.53,وَلَن تَرۡضَىٰ عَنكَ ٱلۡيَهُودُ وَلَا ٱلنَّصَٰرَىٰ حَتَّىٰ تَتَّبِعَ مِلَّتَهُمۡۗ قُلۡ إِنَّ هُدَى ٱللَّهِ هُوَ ٱلۡهُدَىٰۗ وَلَئِنِ ٱتَّبَعۡتَ أَهۡوَآءَهُم بَعۡدَ ٱلَّذِي جَآءَكَ مِنَ ٱلۡعِلۡمِ مَا لَكَ مِنَ ٱللَّهِ مِن وَلِيّٖ وَلَا نَصِيرٍ
191,0.806,low,25,266,23.42,4413.44,4436.86,1.07,وَٱقۡتُلُوهُمۡ حَيۡثُ ثَقِفۡتُمُوهُمۡ وَأَخۡرِجُوهُم مِّنۡ حَيۡثُ أَخۡرَجُوكُمۡۚ وَٱلۡفِتۡنَةُ أَشَدُّ مِنَ ٱلۡقَتۡلِۚ وَلَا تُقَٰتِلُوهُمۡ عِندَ ٱلۡمَسۡجِدِ ٱلۡحَرَامِ حَتَّىٰ يُقَٰتِلُوكُمۡ فِيهِۖ فَإِن قَٰتَلُوكُمۡ فَٱقۡتُلُوهُمۡۗ كَذَٰلِكَ جَزَآءُ ٱلۡكَٰفِرِينَ
250,0.811,low,15,153,25.66,6187.05,6212.71,0.58,وَلَمَّا بَرَزُواْ لِجَالُوتَ وَجُنُودِهِۦ قَالُواْ رَبَّنَآ أَفۡرِغۡ عَلَيۡنَا صَبۡرٗا وَثَبِّتۡ أَقۡدَامَنَا وَٱنصُرۡنَا عَلَى ٱلۡقَوۡمِ ٱلۡكَٰفِرِينَ
194,0.813,low,22,219,13.89,4468.19,4482.08,1.58,ٱلشَّهۡرُ ٱلۡحَرَامُ بِٱلشَّهۡرِ ٱلۡحَرَامِ وَٱلۡحُرُمَٰتُ قِصَاصٞۚ فَمَنِ ٱعۡتَدَىٰ عَلَيۡكُمۡ فَٱعۡتَدُواْ عَلَيۡهِ بِمِثۡلِ مَا ٱعۡتَدَىٰ عَلَيۡكُمۡۚ وَٱتَّقُواْ ٱللَّهَ وَٱعۡلَمُوٓاْ أَنَّ ٱللَّهَ مَعَ ٱلۡمُتَّقِينَ
174,0.815,low,29,254,42.94,3875.05,3917.99,0.68,إِنَّ ٱلَّذِينَ يَكۡتُمُونَ مَآ أَنزَلَ ٱللَّهُ مِنَ ٱلۡكِتَٰبِ وَيَشۡتَرُونَ بِهِۦ ثَمَنٗا قَلِيلًا أُوْلَٰٓئِكَ مَا يَأۡكُلُونَ فِي بُطُونِهِمۡ إِلَّا ٱلنَّارَ وَلَا يُكَلِّمُهُمُ ٱللَّهُ يَوۡمَ ٱلۡقِيَٰمَةِ وَلَا يُزَكِّيهِمۡ وَلَهُمۡ عَذَابٌ أَلِيمٌ
197,0.816,low,29,257,35.54,4576.4,4611.94,0.82,ٱلۡحَجُّ أَشۡهُرٞ مَّعۡلُومَٰتٞۚ فَمَن فَرَضَ فِيهِنَّ ٱلۡحَجَّ فَلَا رَفَثَ وَلَا فُسُوقَ وَلَا جِدَالَ فِي ٱلۡحَجِّۗ وَمَا تَفۡعَلُواْ مِنۡ خَيۡرٖ يَعۡلَمۡهُ ٱللَّهُۗ وَتَزَوَّدُواْ فَإِنَّ خَيۡرَ ٱلزَّادِ ٱلتَّقۡوَىٰۖ وَٱتَّقُونِ يَٰٓأُوْلِي ٱلۡأَلۡبَٰبِ
260,0.816,low,39,329,39.6,6560.85,6600.45,0.98,وَإِذۡ قَالَ إِبۡرَٰهِـۧمُ رَبِّ أَرِنِي كَيۡفَ تُحۡيِ ٱلۡمَوۡتَىٰۖ قَالَ أَوَلَمۡ تُؤۡمِنۖ قَالَ بَلَىٰ وَلَٰكِن لِّيَطۡمَئِنَّ قَلۡبِيۖ قَالَ فَخُذۡ أَرۡبَعَةٗ مِّنَ ٱلطَّيۡرِ فَصُرۡهُنَّ إِلَيۡكَ ثُمَّ ٱجۡعَلۡ عَلَىٰ كُلِّ جَبَلٖ مِّنۡهُنَّ جُزۡءٗا ثُمَّ ٱدۡعُهُنَّ يَأۡتِينَكَ سَعۡيٗاۚ وَٱعۡلَمۡ أَنَّ ٱللَّهَ عَزِيزٌ حَكِيمٞ
198,0.819,low,26,231,22.53,4612.62,4635.15,1.15,لَيۡسَ عَلَيۡكُمۡ جُنَاحٌ أَن تَبۡتَغُواْ فَضۡلٗا مِّن رَّبِّكُمۡۚ فَإِذَآ أَفَضۡتُم مِّنۡ عَرَفَٰتٖ فَٱذۡكُرُواْ ٱللَّهَ عِندَ ٱلۡمَشۡعَرِ ٱلۡحَرَامِۖ وَٱذۡكُرُوهُ كَمَا هَدَىٰكُمۡ وَإِن كُنتُم مِّن قَبۡلِهِۦ لَمِنَ ٱلضَّآلِّينَ
232,0.819,low,33,313,55.46,5560.14,5615.6,0.6,وَإِذَا طَلَّقۡتُمُ ٱلنِّسَآءَ فَبَلَغۡنَ أَجَلَهُنَّ فَلَا تَعۡضُلُوهُنَّ أَن يَنكِحۡنَ أَزۡوَٰجَهُنَّ إِذَا تَرَٰضَوۡاْ بَيۡنَهُم بِٱلۡمَعۡرُوفِۗ ذَٰلِكَ يُوعَظُ بِهِۦ مَن كَانَ مِنكُمۡ يُؤۡمِنُ بِٱللَّهِ وَٱلۡيَوۡمِ ٱلۡأٓخِرِۗ ذَٰلِكُمۡ أَزۡكَىٰ لَكُمۡ وَأَطۡهَرُۚ وَٱللَّهُ يَعۡلَمُ وَأَنتُمۡ لَا تَعۡلَمُونَ
132,0.82,low,16,147,23.3,2881.29,2904.59,0.69,وَوَصَّىٰ بِهَآ إِبۡرَٰهِـۧمُ بَنِيهِ وَيَعۡقُوبُ يَٰبَنِيَّ إِنَّ ٱللَّهَ ٱصۡطَفَىٰ لَكُمُ ٱلدِّينَ فَلَا تَمُوتُنَّ إِلَّا وَأَنتُم مُّسۡلِمُونَ
220,0.822,low,26,251,32.44,5148.4,5180.84,0.8,فِي ٱلدُّنۡيَا وَٱلۡأٓخِرَةِۗ وَيَسۡـَٔلُونَكَ عَنِ ٱلۡيَتَٰمَىٰۖ قُلۡ إِصۡلَاحٞ لَّهُمۡ خَيۡرٞۖ وَإِن تُخَالِطُوهُمۡ فَإِخۡوَٰنُكُمۡۚ وَٱللَّهُ يَعۡلَمُ ٱلۡمُفۡسِدَ مِنَ ٱلۡمُصۡلِحِۚ وَلَوۡ شَآءَ ٱللَّهُ لَأَعۡنَتَكُمۡۚ إِنَّ ٱللَّهَ عَزِيزٌ حَكِيمٞ
219,0.836,low,27,265,27.97,5119.59,5147.56,0.97,۞ يَسۡـَٔلُونَكَ عَنِ ٱلۡخَمۡرِ وَٱلۡمَيۡسِرِۖ قُلۡ فِيهِمَآ إِثۡمٞ كَبِيرٞ وَمَنَٰفِعُ لِلنَّاسِ وَإِثۡمُهُمَآ أَكۡبَرُ مِن نَّفۡعِهِمَاۗ وَيَسۡـَٔلُونَكَ مَاذَا يُنفِقُونَۖ قُلِ ٱلۡعَفۡوَۗ كَذَٰلِكَ يُبَيِّنُ ٱللَّهُ لَكُمُ ٱلۡأٓيَٰتِ لَعَلَّكُمۡ تَتَفَكَّرُونَ
271,0.838,low,20,187,34.86,6915.44,6950.3,0.57,إِن تُبۡدُواْ ٱلصَّدَقَٰتِ فَنِعِمَّا هِيَۖ وَإِن تُخۡفُوهَا وَتُؤۡتُوهَا ٱلۡفُقَرَآءَ فَهُوَ خَيۡرٞ لَّكُمۡۚ وَيُكَفِّرُ عَنكُم مِّن سَيِّـَٔاتِكُمۡۗ وَٱللَّهُ بِمَا تَعۡمَلُونَ خَبِيرٞ
204,0.842,low,17,137,18.2,4730.86,4749.06,0.93,وَمِنَ ٱلنَّاسِ مَن يُعۡجِبُكَ قَوۡلُهُۥ فِي ٱلۡحَيَوٰةِ ٱلدُّنۡيَا وَيُشۡهِدُ ٱللَّهَ عَلَىٰ مَا فِي قَلۡبِهِۦ وَهُوَ أَلَدُّ ٱلۡخِصَامِ
272,0.842,low,29,242,24.45,6950.94,6975.39,1.19,۞ لَّيۡسَ عَلَيۡكَ هُدَىٰهُمۡ وَلَٰكِنَّ ٱللَّهَ يَهۡدِي مَن يَشَآءُۗ وَمَا تُنفِقُواْ مِنۡ خَيۡرٖ فَلِأَنفُسِكُمۡۚ وَمَا تُنفِقُونَ إِلَّا ٱبۡتِغَآءَ وَجۡهِ ٱللَّهِۚ وَمَا تُنفِقُواْ مِنۡ خَيۡرٖ يُوَفَّ إِلَيۡكُمۡ وَأَنتُمۡ لَا تُظۡلَمُونَ
